Id,task_1,task_2
data/test/melanoma/ISIC_0012258.jpg,0.12165,0.689058
data/test/melanoma/ISIC_0012356.jpg,0.3655,0.301237
data/test/melanoma/ISIC_0012369.jpg,0.573299,0.212972
data/test/melanoma/ISIC_0012395.jpg,0.246941,0.635193
data/test/melanoma/ISIC_0012425.jpg,0.128186,0.480039
data/test/melanoma/ISIC_0012758.jpg,0.133676,0.0283465
data/test/melanoma/ISIC_0012989.jpg,0.0786109,0.428022
data/test/melanoma/ISIC_0013072.jpg,0.662656,0.155837
data/test/melanoma/ISIC_0013073.jpg,0.756429,0.0376403
data/test/melanoma/ISIC_0013242.jpg,0.518767,0.328428
data/test/melanoma/ISIC_0013277.jpg,0.292325,0.360896
data/test/melanoma/ISIC_0013321.jpg,0.0398617,0.875031
data/test/melanoma/ISIC_0013374.jpg,0.761276,0.0692902
data/test/melanoma/ISIC_0013411.jpg,0.145043,0.688822
data/test/melanoma/ISIC_0013414.jpg,0.289976,0.13539
data/test/melanoma/ISIC_0013455.jpg,0.517719,0.213457
data/test/melanoma/ISIC_0013457.jpg,0.672367,0.144767
data/test/melanoma/ISIC_0013459.jpg,0.332454,0.260951
data/test/melanoma/ISIC_0013472.jpg,0.305405,0.511424
data/test/melanoma/ISIC_0013473.jpg,0.437628,0.418529
data/test/melanoma/ISIC_0013565.jpg,0.195688,0.552212
data/test/melanoma/ISIC_0013577.jpg,0.377227,0.395431
data/test/melanoma/ISIC_0013588.jpg,0.258365,0.379915
data/test/melanoma/ISIC_0013615.jpg,0.620215,0.227246
data/test/melanoma/ISIC_0013617.jpg,0.319774,0.246964
data/test/melanoma/ISIC_0013636.jpg,0.342723,0.360779
data/test/melanoma/ISIC_0013678.jpg,0.133545,0.632406
data/test/melanoma/ISIC_0013696.jpg,0.491335,0.136485
data/test/melanoma/ISIC_0013733.jpg,0.362282,0.415511
data/test/melanoma/ISIC_0013739.jpg,0.0785583,0.851002
data/test/melanoma/ISIC_0013766.jpg,0.443267,0.074596
data/test/melanoma/ISIC_0013767.jpg,0.314903,0.284596
data/test/melanoma/ISIC_0013813.jpg,0.255601,0.570032
data/test/melanoma/ISIC_0013814.jpg,0.296427,0.49777
data/test/melanoma/ISIC_0013833.jpg,0.854364,0.10471
data/test/melanoma/ISIC_0013842.jpg,0.0487354,0.557906
data/test/melanoma/ISIC_0013867.jpg,0.408771,0.27539
data/test/melanoma/ISIC_0013908.jpg,0.372821,0.480025
data/test/melanoma/ISIC_0013917.jpg,0.318115,0.248677
data/test/melanoma/ISIC_0013925.jpg,0.0516287,0.916437
data/test/melanoma/ISIC_0013948.jpg,0.241247,0.665049
data/test/melanoma/ISIC_0013953.jpg,0.0332492,0.930664
data/test/melanoma/ISIC_0013987.jpg,0.367487,0.469234
data/test/melanoma/ISIC_0013988.jpg,0.32886,0.480451
data/test/melanoma/ISIC_0014027.jpg,0.249357,0.376984
data/test/melanoma/ISIC_0014059.jpg,0.254666,0.0227214
data/test/melanoma/ISIC_0014077.jpg,0.311795,0.633702
data/test/melanoma/ISIC_0014103.jpg,0.0759545,0.338939
data/test/melanoma/ISIC_0014110.jpg,0.492493,0.102329
data/test/melanoma/ISIC_0014129.jpg,0.442121,0.262426
data/test/melanoma/ISIC_0014148.jpg,0.323982,0.415983
data/test/melanoma/ISIC_0014160.jpg,0.551972,0.117796
data/test/melanoma/ISIC_0014181.jpg,0.631386,0.209599
data/test/melanoma/ISIC_0014186.jpg,0.143026,0.756393
data/test/melanoma/ISIC_0014219.jpg,0.383204,0.376146
data/test/melanoma/ISIC_0014221.jpg,0.280771,0.488218
data/test/melanoma/ISIC_0014233.jpg,0.268471,0.542908
data/test/melanoma/ISIC_0014255.jpg,0.182934,0.309456
data/test/melanoma/ISIC_0014270.jpg,0.26768,0.442169
data/test/melanoma/ISIC_0014284.jpg,0.284547,0.469714
data/test/melanoma/ISIC_0014288.jpg,0.334563,0.428633
data/test/melanoma/ISIC_0014319.jpg,0.565134,0.267254
data/test/melanoma/ISIC_0014336.jpg,0.330146,0.37119
data/test/melanoma/ISIC_0014349.jpg,0.598642,0.248031
data/test/melanoma/ISIC_0014369.jpg,0.469827,0.107482
data/test/melanoma/ISIC_0014423.jpg,0.208919,0.61751
data/test/melanoma/ISIC_0014434.jpg,0.0590113,0.883259
data/test/melanoma/ISIC_0014454.jpg,0.469877,0.270809
data/test/melanoma/ISIC_0014478.jpg,0.653849,0.221537
data/test/melanoma/ISIC_0014489.jpg,0.646041,0.154044
data/test/melanoma/ISIC_0014506.jpg,0.44187,0.21923
data/test/melanoma/ISIC_0014513.jpg,0.34651,0.355627
data/test/melanoma/ISIC_0014541.jpg,0.535836,0.210899
data/test/melanoma/ISIC_0014542.jpg,0.233395,0.134553
data/test/melanoma/ISIC_0014546.jpg,0.501682,0.251017
data/test/melanoma/ISIC_0014548.jpg,0.562391,0.226875
data/test/melanoma/ISIC_0014559.jpg,0.308817,0.62422
data/test/melanoma/ISIC_0014663.jpg,0.576116,0.319287
data/test/melanoma/ISIC_0014666.jpg,0.693967,0.227156
data/test/melanoma/ISIC_0014695.jpg,0.212473,0.59739
data/test/melanoma/ISIC_0014703.jpg,0.364937,0.479969
data/test/melanoma/ISIC_0014727.jpg,0.529905,0.157564
data/test/melanoma/ISIC_0014766.jpg,0.76798,0.127469
data/test/melanoma/ISIC_0014772.jpg,0.593031,0.309394
data/test/melanoma/ISIC_0014784.jpg,0.21944,0.716876
data/test/melanoma/ISIC_0014790.jpg,0.159985,0.646718
data/test/melanoma/ISIC_0014800.jpg,0.496194,0.0907402
data/test/melanoma/ISIC_0014826.jpg,0.665573,0.00668142
data/test/melanoma/ISIC_0014862.jpg,0.407689,0.361579
data/test/melanoma/ISIC_0014872.jpg,0.138747,0.721485
data/test/melanoma/ISIC_0014883.jpg,0.235488,0.00302701
data/test/melanoma/ISIC_0014912.jpg,0.42558,0.215314
data/test/melanoma/ISIC_0014928.jpg,0.172417,0.0506534
data/test/melanoma/ISIC_0014932.jpg,0.34119,0.11597
data/test/melanoma/ISIC_0014963.jpg,0.636794,0.146842
data/test/melanoma/ISIC_0014982.jpg,0.284282,0.411139
data/test/melanoma/ISIC_0015004.jpg,0.592181,0.0923092
data/test/melanoma/ISIC_0015041.jpg,0.321958,0.0305379
data/test/melanoma/ISIC_0015046.jpg,0.24971,0.563328
data/test/melanoma/ISIC_0015050.jpg,0.371295,0.57353
data/test/melanoma/ISIC_0015071.jpg,0.755095,0.0856598
data/test/melanoma/ISIC_0015115.jpg,0.780363,0.0233123
data/test/melanoma/ISIC_0015119.jpg,0.681131,0.111837
data/test/melanoma/ISIC_0015127.jpg,0.391634,0.011894
data/test/melanoma/ISIC_0015132.jpg,0.642924,0.143278
data/test/melanoma/ISIC_0015133.jpg,0.194369,0.231275
data/test/melanoma/ISIC_0015136.jpg,0.869699,0.0222167
data/test/melanoma/ISIC_0015142.jpg,0.475194,0.328263
data/test/melanoma/ISIC_0015156.jpg,0.478172,0.102276
data/test/melanoma/ISIC_0015163.jpg,0.621211,0.296855
data/test/melanoma/ISIC_0015167.jpg,0.183623,0.778581
data/test/melanoma/ISIC_0015180.jpg,0.383638,0.35743
data/test/melanoma/ISIC_0015185.jpg,0.36727,0.387739
data/test/melanoma/ISIC_0015193.jpg,0.373416,0.117702
data/test/melanoma/ISIC_0015206.jpg,0.796835,0.0230523
data/test/melanoma/ISIC_0015229.jpg,0.688051,0.266883
data/test/melanoma/ISIC_0015251.jpg,0.35124,0.0651242
data/test/nevus/ISIC_0012092.jpg,0.290567,0.0857502
data/test/nevus/ISIC_0012095.jpg,0.137381,0.657063
data/test/nevus/ISIC_0012147.jpg,0.134698,0.601706
data/test/nevus/ISIC_0012149.jpg,0.16522,0.485704
data/test/nevus/ISIC_0012152.jpg,0.0720035,0.890915
data/test/nevus/ISIC_0012216.jpg,0.126428,0.718269
data/test/nevus/ISIC_0012357.jpg,0.397605,0.38184
data/test/nevus/ISIC_0012484.jpg,0.0978695,0.736642
data/test/nevus/ISIC_0012493.jpg,0.122907,0.468144
data/test/nevus/ISIC_0012551.jpg,0.110805,0.152684
data/test/nevus/ISIC_0012654.jpg,0.178533,0.192036
data/test/nevus/ISIC_0012656.jpg,0.486952,0.00912451
data/test/nevus/ISIC_0012708.jpg,0.0912955,0.532705
data/test/nevus/ISIC_0012722.jpg,0.268058,0.224697
data/test/nevus/ISIC_0012803.jpg,0.189006,0.778806
data/test/nevus/ISIC_0012836.jpg,0.273622,0.306586
data/test/nevus/ISIC_0012837.jpg,0.0344177,0.941322
data/test/nevus/ISIC_0012903.jpg,0.0972805,0.0527256
data/test/nevus/ISIC_0012904.jpg,0.105602,0.37585
data/test/nevus/ISIC_0012941.jpg,0.0272311,0.831013
data/test/nevus/ISIC_0012967.jpg,0.0407432,0.876702
data/test/nevus/ISIC_0013045.jpg,0.389155,0.141675
data/test/nevus/ISIC_0013070.jpg,0.189395,0.190734
data/test/nevus/ISIC_0013109.jpg,0.156228,0.263256
data/test/nevus/ISIC_0013159.jpg,0.0632303,0.832566
data/test/nevus/ISIC_0013164.jpg,0.0623443,0.596449
data/test/nevus/ISIC_0013176.jpg,0.277659,0.184201
data/test/nevus/ISIC_0013191.jpg,0.114183,0.598604
data/test/nevus/ISIC_0013216.jpg,0.252659,0.364118
data/test/nevus/ISIC_0013226.jpg,0.169119,0.141359
data/test/nevus/ISIC_0013230.jpg,0.177635,0.269253
data/test/nevus/ISIC_0013269.jpg,0.38626,0.105453
data/test/nevus/ISIC_0013291.jpg,0.510032,0.131804
data/test/nevus/ISIC_0013325.jpg,0.339854,0.3135
data/test/nevus/ISIC_0013399.jpg,0.0757239,0.336747
data/test/nevus/ISIC_0013416.jpg,0.127805,0.0609998
data/test/nevus/ISIC_0013511.jpg,0.365026,0.312672
data/test/nevus/ISIC_0013512.jpg,0.182093,0.569776
data/test/nevus/ISIC_0013529.jpg,0.255747,0.159691
data/test/nevus/ISIC_0013600.jpg,0.223357,0.372931
data/test/nevus/ISIC_0013602.jpg,0.63816,0.144903
data/test/nevus/ISIC_0013738.jpg,0.0816452,0.27331
data/test/nevus/ISIC_0013794.jpg,0.293365,0.308956
data/test/nevus/ISIC_0013809.jpg,0.507318,0.204224
data/test/nevus/ISIC_0013891.jpg,0.425303,0.390272
data/test/nevus/ISIC_0013897.jpg,0.255123,0.630185
data/test/nevus/ISIC_0013911.jpg,0.355418,0.443029
data/test/nevus/ISIC_0013966.jpg,0.0945197,0.846992
data/test/nevus/ISIC_0013998.jpg,0.19248,0.466191
data/test/nevus/ISIC_0014090.jpg,0.257129,0.38685
data/test/nevus/ISIC_0014117.jpg,0.183909,0.32434
data/test/nevus/ISIC_0014470.jpg,0.0418917,0.82611
data/test/nevus/ISIC_0014675.jpg,0.47498,0.163286
data/test/nevus/ISIC_0014677.jpg,0.143568,0.146963
data/test/nevus/ISIC_0014687.jpg,0.206509,0.0304026
data/test/nevus/ISIC_0014693.jpg,0.640898,0.189831
data/test/nevus/ISIC_0014697.jpg,0.0803137,0.838372
data/test/nevus/ISIC_0014698.jpg,0.0776972,0.135134
data/test/nevus/ISIC_0014720.jpg,0.768268,0.0554131
data/test/nevus/ISIC_0014725.jpg,0.332381,0.0492945
data/test/nevus/ISIC_0014728.jpg,0.114858,0.027689
data/test/nevus/ISIC_0014729.jpg,0.264385,0.499126
data/test/nevus/ISIC_0014740.jpg,0.0555705,0.853505
data/test/nevus/ISIC_0014743.jpg,0.278918,0.49443
data/test/nevus/ISIC_0014746.jpg,0.299653,0.264685
data/test/nevus/ISIC_0014749.jpg,0.0870437,0.320238
data/test/nevus/ISIC_0014753.jpg,0.490974,0.114178
data/test/nevus/ISIC_0014755.jpg,0.588904,0.0334985
data/test/nevus/ISIC_0014765.jpg,0.120984,0.0749621
data/test/nevus/ISIC_0014768.jpg,0.0695711,0.0207009
data/test/nevus/ISIC_0014773.jpg,0.291767,0.330985
data/test/nevus/ISIC_0014780.jpg,0.641426,0.0998761
data/test/nevus/ISIC_0014786.jpg,0.223496,0.14116
data/test/nevus/ISIC_0014787.jpg,0.732084,0.0783183
data/test/nevus/ISIC_0014792.jpg,0.290791,0.42599
data/test/nevus/ISIC_0014796.jpg,0.392682,0.044984
data/test/nevus/ISIC_0014798.jpg,0.295048,0.377324
data/test/nevus/ISIC_0014807.jpg,0.227195,0.315497
data/test/nevus/ISIC_0014814.jpg,0.230155,0.135334
data/test/nevus/ISIC_0014815.jpg,0.498667,0.0511379
data/test/nevus/ISIC_0014820.jpg,0.287051,0.0432711
data/test/nevus/ISIC_0014822.jpg,0.387835,0.138075
data/test/nevus/ISIC_0014833.jpg,0.612371,0.316115
data/test/nevus/ISIC_0014835.jpg,0.556679,0.0343712
data/test/nevus/ISIC_0014844.jpg,0.497714,0.0909225
data/test/nevus/ISIC_0014853.jpg,0.397444,0.040266
data/test/nevus/ISIC_0014854.jpg,0.449428,0.0309647
data/test/nevus/ISIC_0014863.jpg,0.452616,0.273613
data/test/nevus/ISIC_0014867.jpg,0.205653,0.413515
data/test/nevus/ISIC_0014868.jpg,0.417627,0.143229
data/test/nevus/ISIC_0014876.jpg,0.21797,0.346134
data/test/nevus/ISIC_0014879.jpg,0.0287021,0.369593
data/test/nevus/ISIC_0014901.jpg,0.390477,0.34395
data/test/nevus/ISIC_0014907.jpg,0.755616,0.0267322
data/test/nevus/ISIC_0014910.jpg,0.409039,0.214335
data/test/nevus/ISIC_0014921.jpg,0.264938,0.0325384
data/test/nevus/ISIC_0014927.jpg,0.397967,0.0237307
data/test/nevus/ISIC_0014936.jpg,0.681635,0.0286248
data/test/nevus/ISIC_0014938.jpg,0.71725,0.00213226
data/test/nevus/ISIC_0014940.jpg,0.40391,0.0525809
data/test/nevus/ISIC_0014941.jpg,0.377281,0.093769
data/test/nevus/ISIC_0014942.jpg,0.136157,0.18008
data/test/nevus/ISIC_0014943.jpg,0.208085,0.0646683
data/test/nevus/ISIC_0014944.jpg,0.26324,0.0153644
data/test/nevus/ISIC_0014947.jpg,0.365082,0.0116517
data/test/nevus/ISIC_0014948.jpg,0.57629,0.259975
data/test/nevus/ISIC_0014949.jpg,0.31315,0.0648378
data/test/nevus/ISIC_0014952.jpg,0.595865,0.0539967
data/test/nevus/ISIC_0014955.jpg,0.820327,0.0199819
data/test/nevus/ISIC_0014956.jpg,0.543344,0.123902
data/test/nevus/ISIC_0014957.jpg,0.237285,0.127454
data/test/nevus/ISIC_0014958.jpg,0.471639,0.1084
data/test/nevus/ISIC_0014959.jpg,0.421954,0.0610602
data/test/nevus/ISIC_0014961.jpg,0.341379,0.351599
data/test/nevus/ISIC_0014962.jpg,0.0168307,0.935768
data/test/nevus/ISIC_0014964.jpg,0.164328,0.0336272
data/test/nevus/ISIC_0014966.jpg,0.610369,0.028014
data/test/nevus/ISIC_0014968.jpg,0.615412,0.109576
data/test/nevus/ISIC_0014969.jpg,0.404368,0.217665
data/test/nevus/ISIC_0014973.jpg,0.678416,0.282764
data/test/nevus/ISIC_0014974.jpg,0.159407,0.0535235
data/test/nevus/ISIC_0014977.jpg,0.571857,0.0461626
data/test/nevus/ISIC_0014992.jpg,0.175646,0.0158185
data/test/nevus/ISIC_0014994.jpg,0.212806,0.0491061
data/test/nevus/ISIC_0014998.jpg,0.414811,0.420606
data/test/nevus/ISIC_0015002.jpg,0.0149979,0.963059
data/test/nevus/ISIC_0015003.jpg,0.226629,0.103092
data/test/nevus/ISIC_0015007.jpg,0.0380146,0.236235
data/test/nevus/ISIC_0015008.jpg,0.397745,0.36098
data/test/nevus/ISIC_0015009.jpg,0.0635664,0.769849
data/test/nevus/ISIC_0015011.jpg,0.128007,0.772254
data/test/nevus/ISIC_0015013.jpg,0.61413,0.317236
data/test/nevus/ISIC_0015015.jpg,0.504464,0.119856
data/test/nevus/ISIC_0015016.jpg,0.485212,0.365108
data/test/nevus/ISIC_0015018.jpg,0.458331,0.229955
data/test/nevus/ISIC_0015019.jpg,0.547667,0.176146
data/test/nevus/ISIC_0015020.jpg,0.532731,0.389918
data/test/nevus/ISIC_0015021.jpg,0.140788,0.480581
data/test/nevus/ISIC_0015023.jpg,0.285172,0.0663145
data/test/nevus/ISIC_0015026.jpg,0.144467,0.487253
data/test/nevus/ISIC_0015030.jpg,0.280755,0.011772
data/test/nevus/ISIC_0015031.jpg,0.0951254,0.787072
data/test/nevus/ISIC_0015034.jpg,0.126154,0.036722
data/test/nevus/ISIC_0015035.jpg,0.178086,0.0738039
data/test/nevus/ISIC_0015037.jpg,0.791297,0.173946
data/test/nevus/ISIC_0015040.jpg,0.153198,0.276691
data/test/nevus/ISIC_0015051.jpg,0.467046,0.308462
data/test/nevus/ISIC_0015056.jpg,0.258014,0.698563
data/test/nevus/ISIC_0015057.jpg,0.395075,0.140881
data/test/nevus/ISIC_0015060.jpg,0.418026,0.098814
data/test/nevus/ISIC_0015064.jpg,0.443695,0.0615239
data/test/nevus/ISIC_0015078.jpg,0.0599438,0.89482
data/test/nevus/ISIC_0015089.jpg,0.260219,0.0930791
data/test/nevus/ISIC_0015102.jpg,0.158658,0.728805
data/test/nevus/ISIC_0015118.jpg,0.24652,0.150803
data/test/nevus/ISIC_0015125.jpg,0.183783,0.0237924
data/test/nevus/ISIC_0015129.jpg,0.267987,0.053486
data/test/nevus/ISIC_0015130.jpg,0.216763,0.0734505
data/test/nevus/ISIC_0015139.jpg,0.267424,0.0144999
data/test/nevus/ISIC_0015140.jpg,0.53684,0.0635284
data/test/nevus/ISIC_0015146.jpg,0.0783054,0.0158065
data/test/nevus/ISIC_0015149.jpg,0.656786,0.0177045
data/test/nevus/ISIC_0015150.jpg,0.484403,0.204718
data/test/nevus/ISIC_0015152.jpg,0.220182,0.452232
data/test/nevus/ISIC_0015155.jpg,0.0350223,0.243428
data/test/nevus/ISIC_0015157.jpg,0.546469,0.107521
data/test/nevus/ISIC_0015160.jpg,0.0475654,0.375253
data/test/nevus/ISIC_0015161.jpg,0.0432927,0.813546
data/test/nevus/ISIC_0015171.jpg,0.616415,0.262767
data/test/nevus/ISIC_0015173.jpg,0.119275,0.716907
data/test/nevus/ISIC_0015174.jpg,0.396044,0.107633
data/test/nevus/ISIC_0015175.jpg,0.13342,0.182667
data/test/nevus/ISIC_0015176.jpg,0.486777,0.421734
data/test/nevus/ISIC_0015179.jpg,0.194055,0.489235
data/test/nevus/ISIC_0015184.jpg,0.126723,0.0775572
data/test/nevus/ISIC_0015201.jpg,0.647956,0.0301014
data/test/nevus/ISIC_0015202.jpg,0.620094,0.00467992
data/test/nevus/ISIC_0015203.jpg,0.824264,0.106857
data/test/nevus/ISIC_0015207.jpg,0.766739,0.154822
data/test/nevus/ISIC_0015208.jpg,0.364233,0.0819767
data/test/nevus/ISIC_0015212.jpg,0.112818,0.0339261
data/test/nevus/ISIC_0015215.jpg,0.182696,0.105241
data/test/nevus/ISIC_0015216.jpg,0.111628,0.812057
data/test/nevus/ISIC_0015217.jpg,0.186501,0.0938505
data/test/nevus/ISIC_0015218.jpg,0.354967,0.0543087
data/test/nevus/ISIC_0015223.jpg,0.0986646,0.046351
data/test/nevus/ISIC_0015224.jpg,0.414037,0.287752
data/test/nevus/ISIC_0015226.jpg,0.178913,0.614474
data/test/nevus/ISIC_0015232.jpg,0.40629,0.338841
data/test/nevus/ISIC_0015237.jpg,0.552999,0.212329
data/test/nevus/ISIC_0015241.jpg,0.361372,0.221869
data/test/nevus/ISIC_0015244.jpg,0.149346,0.339483
data/test/nevus/ISIC_0015245.jpg,0.127221,0.787965
data/test/nevus/ISIC_0015250.jpg,0.046263,0.726021
data/test/nevus/ISIC_0015254.jpg,0.323208,0.561369
data/test/nevus/ISIC_0015255.jpg,0.545895,0.191901
data/test/nevus/ISIC_0015258.jpg,0.687804,0.110809
data/test/nevus/ISIC_0015264.jpg,0.105777,0.668542
data/test/nevus/ISIC_0015270.jpg,0.467797,0.113029
data/test/nevus/ISIC_0015273.jpg,0.340818,0.127146
data/test/nevus/ISIC_0015274.jpg,0.614564,0.266907
data/test/nevus/ISIC_0015276.jpg,0.334424,0.0394591
data/test/nevus/ISIC_0015279.jpg,0.234372,0.507655
data/test/nevus/ISIC_0015283.jpg,0.169498,0.192305
data/test/nevus/ISIC_0015291.jpg,0.0384325,0.0124299
data/test/nevus/ISIC_0015293.jpg,0.184763,0.337117
data/test/nevus/ISIC_0015298.jpg,0.143212,0.103915
data/test/nevus/ISIC_0015309.jpg,0.148386,0.550454
data/test/nevus/ISIC_0015310.jpg,0.182827,0.0845852
data/test/nevus/ISIC_0015311.jpg,0.138843,0.425059
data/test/nevus/ISIC_0015312.jpg,0.481563,0.00998443
data/test/nevus/ISIC_0015330.jpg,0.306626,0.0197342
data/test/nevus/ISIC_0015331.jpg,0.159741,0.061658
data/test/nevus/ISIC_0015347.jpg,0.467161,0.019637
data/test/nevus/ISIC_0015353.jpg,0.17491,0.662148
data/test/nevus/ISIC_0015355.jpg,0.115876,0.123055
data/test/nevus/ISIC_0015357.jpg,0.0951116,0.30478
data/test/nevus/ISIC_0015360.jpg,0.296376,0.0553418
data/test/nevus/ISIC_0015363.jpg,0.190016,0.628954
data/test/nevus/ISIC_0015364.jpg,0.0158457,0.882853
data/test/nevus/ISIC_0015368.jpg,0.5744,0.266849
data/test/nevus/ISIC_0015369.jpg,0.388794,0.11952
data/test/nevus/ISIC_0015383.jpg,0.198636,0.00475917
data/test/nevus/ISIC_0015386.jpg,0.634703,0.0799045
data/test/nevus/ISIC_0015390.jpg,0.210271,0.622972
data/test/nevus/ISIC_0015395.jpg,0.040245,0.791737
data/test/nevus/ISIC_0015403.jpg,0.612058,0.082872
data/test/nevus/ISIC_0015404.jpg,0.375478,0.354699
data/test/nevus/ISIC_0015411.jpg,0.0564659,0.0142078
data/test/nevus/ISIC_0015412.jpg,0.817479,0.0384498
data/test/nevus/ISIC_0015416.jpg,0.4473,0.225703
data/test/nevus/ISIC_0015417.jpg,0.499559,0.0744402
data/test/nevus/ISIC_0015418.jpg,0.448143,0.161901
data/test/nevus/ISIC_0015419.jpg,0.129622,0.741757
data/test/nevus/ISIC_0015436.jpg,0.535701,0.182315
data/test/nevus/ISIC_0015440.jpg,0.31661,0.342178
data/test/nevus/ISIC_0015447.jpg,0.825408,0.109328
data/test/nevus/ISIC_0015455.jpg,0.495523,0.264069
data/test/nevus/ISIC_0015464.jpg,0.613255,0.0457394
data/test/nevus/ISIC_0015466.jpg,0.243814,0.184091
data/test/nevus/ISIC_0015468.jpg,0.237616,0.477198
data/test/nevus/ISIC_0015476.jpg,0.189705,0.306171
data/test/nevus/ISIC_0015481.jpg,0.572806,0.21359
data/test/nevus/ISIC_0015482.jpg,0.706315,0.0824447
data/test/nevus/ISIC_0015485.jpg,0.409132,0.0628893
data/test/nevus/ISIC_0015510.jpg,0.371653,0.181485
data/test/nevus/ISIC_0015526.jpg,0.329511,0.0271778
data/test/nevus/ISIC_0015537.jpg,0.427464,0.45229
data/test/nevus/ISIC_0015544.jpg,0.493219,0.232754
data/test/nevus/ISIC_0015559.jpg,0.637273,0.103642
data/test/nevus/ISIC_0015563.jpg,0.520903,0.124089
data/test/nevus/ISIC_0015566.jpg,0.825374,0.0242612
data/test/nevus/ISIC_0015568.jpg,0.477892,0.0236182
data/test/nevus/ISIC_0015582.jpg,0.349303,0.036708
data/test/nevus/ISIC_0015593.jpg,0.134403,0.265642
data/test/nevus/ISIC_0015603.jpg,0.244907,0.0253632
data/test/nevus/ISIC_0015607.jpg,0.249336,0.525832
data/test/nevus/ISIC_0015614.jpg,0.169409,0.155558
data/test/nevus/ISIC_0015617.jpg,0.0970902,0.697823
data/test/nevus/ISIC_0015625.jpg,0.181565,0.0995159
data/test/nevus/ISIC_0015631.jpg,0.0940044,0.157527
data/test/nevus/ISIC_0015636.jpg,0.507927,0.387022
data/test/nevus/ISIC_0015638.jpg,0.477325,0.150086
data/test/nevus/ISIC_0015641.jpg,0.0150003,0.871625
data/test/nevus/ISIC_0015645.jpg,0.0546063,0.641302
data/test/nevus/ISIC_0015936.jpg,0.319595,0.346818
data/test/nevus/ISIC_0015937.jpg,0.20672,0.263707
data/test/nevus/ISIC_0015938.jpg,0.260731,0.237989
data/test/nevus/ISIC_0015939.jpg,0.41999,0.117447
data/test/nevus/ISIC_0015940.jpg,0.0680294,0.396384
data/test/nevus/ISIC_0015941.jpg,0.141505,0.140394
data/test/nevus/ISIC_0015942.jpg,0.13436,0.465299
data/test/nevus/ISIC_0015943.jpg,0.119009,0.310464
data/test/nevus/ISIC_0015944.jpg,0.131164,0.832649
data/test/nevus/ISIC_0015945.jpg,0.433829,0.104409
data/test/nevus/ISIC_0015946.jpg,0.392835,0.140913
data/test/nevus/ISIC_0015947.jpg,0.164507,0.479716
data/test/nevus/ISIC_0015948.jpg,0.179484,0.211413
data/test/nevus/ISIC_0015949.jpg,0.143241,0.221909
data/test/nevus/ISIC_0015950.jpg,0.319073,0.348447
data/test/nevus/ISIC_0015951.jpg,0.232545,0.326374
data/test/nevus/ISIC_0015952.jpg,0.455138,0.232866
data/test/nevus/ISIC_0015953.jpg,0.053228,0.873428
data/test/nevus/ISIC_0015954.jpg,0.283507,0.436475
data/test/nevus/ISIC_0015955.jpg,0.23134,0.45767
data/test/nevus/ISIC_0015956.jpg,0.230631,0.294702
data/test/nevus/ISIC_0015957.jpg,0.061368,0.675773
data/test/nevus/ISIC_0015958.jpg,0.00686139,0.983385
data/test/nevus/ISIC_0015959.jpg,0.345633,0.0767387
data/test/nevus/ISIC_0015960.jpg,0.518143,0.0683531
data/test/nevus/ISIC_0015961.jpg,0.445581,0.210596
data/test/nevus/ISIC_0015962.jpg,0.119815,0.498921
data/test/nevus/ISIC_0015963.jpg,0.306068,0.453265
data/test/nevus/ISIC_0015964.jpg,0.192965,0.203837
data/test/nevus/ISIC_0015965.jpg,0.329262,0.18774
data/test/nevus/ISIC_0015966.jpg,0.073772,0.808034
data/test/nevus/ISIC_0015967.jpg,0.0691494,0.307152
data/test/nevus/ISIC_0015968.jpg,0.516973,0.332784
data/test/nevus/ISIC_0015969.jpg,0.373809,0.390434
data/test/nevus/ISIC_0015971.jpg,0.144386,0.15133
data/test/nevus/ISIC_0015972.jpg,0.0411333,0.891816
data/test/nevus/ISIC_0015973.jpg,0.0271279,0.872077
data/test/nevus/ISIC_0015974.jpg,0.101404,0.627503
data/test/nevus/ISIC_0015975.jpg,0.163185,0.273495
data/test/nevus/ISIC_0015976.jpg,0.25129,0.120489
data/test/nevus/ISIC_0015978.jpg,0.0345743,0.569128
data/test/nevus/ISIC_0015979.jpg,0.060613,0.920719
data/test/nevus/ISIC_0015980.jpg,0.291391,0.28535
data/test/nevus/ISIC_0015981.jpg,0.264851,0.37048
data/test/nevus/ISIC_0015982.jpg,0.177592,0.282002
data/test/nevus/ISIC_0015983.jpg,0.300646,0.408746
data/test/nevus/ISIC_0015984.jpg,0.0360245,0.734584
data/test/nevus/ISIC_0015985.jpg,0.174576,0.132539
data/test/nevus/ISIC_0015986.jpg,0.357162,0.233898
data/test/nevus/ISIC_0015987.jpg,0.348243,0.207701
data/test/nevus/ISIC_0015988.jpg,0.375792,0.173958
data/test/nevus/ISIC_0015989.jpg,0.171081,0.471677
data/test/nevus/ISIC_0015990.jpg,0.141757,0.254604
data/test/nevus/ISIC_0015991.jpg,0.258608,0.368041
data/test/nevus/ISIC_0015992.jpg,0.114197,0.0976125
data/test/nevus/ISIC_0015993.jpg,0.212588,0.278334
data/test/nevus/ISIC_0015994.jpg,0.21636,0.255922
data/test/nevus/ISIC_0015995.jpg,0.606137,0.123586
data/test/nevus/ISIC_0015996.jpg,0.147868,0.458735
data/test/nevus/ISIC_0015997.jpg,0.228411,0.0752956
data/test/nevus/ISIC_0015998.jpg,0.241324,0.0620892
data/test/nevus/ISIC_0015999.jpg,0.24414,0.276563
data/test/nevus/ISIC_0016000.jpg,0.75641,0.0907944
data/test/nevus/ISIC_0016001.jpg,0.116569,0.811441
data/test/nevus/ISIC_0016002.jpg,0.108407,0.228346
data/test/nevus/ISIC_0016003.jpg,0.222028,0.264074
data/test/nevus/ISIC_0016004.jpg,0.241695,0.358476
data/test/nevus/ISIC_0016005.jpg,0.109972,0.818012
data/test/nevus/ISIC_0016006.jpg,0.0630805,0.702472
data/test/nevus/ISIC_0016007.jpg,0.132537,0.70634
data/test/nevus/ISIC_0016008.jpg,0.554233,0.211502
data/test/nevus/ISIC_0016009.jpg,0.305157,0.166171
data/test/nevus/ISIC_0016011.jpg,0.0579291,0.795428
data/test/nevus/ISIC_0016012.jpg,0.490928,0.221001
data/test/nevus/ISIC_0016013.jpg,0.0261203,0.934619
data/test/nevus/ISIC_0016014.jpg,0.276585,0.156141
data/test/nevus/ISIC_0016015.jpg,0.342247,0.264621
data/test/nevus/ISIC_0016016.jpg,0.121807,0.783986
data/test/nevus/ISIC_0016017.jpg,0.18497,0.401267
data/test/nevus/ISIC_0016018.jpg,0.167204,0.445818
data/test/nevus/ISIC_0016019.jpg,0.238699,0.632404
data/test/nevus/ISIC_0016022.jpg,0.389731,0.157922
data/test/nevus/ISIC_0016023.jpg,0.0150991,0.894288
data/test/nevus/ISIC_0016024.jpg,0.30571,0.257766
data/test/nevus/ISIC_0016025.jpg,0.367491,0.20913
data/test/nevus/ISIC_0016026.jpg,0.1994,0.388175
data/test/nevus/ISIC_0016027.jpg,0.120689,0.693547
data/test/nevus/ISIC_0016028.jpg,0.0416395,0.377707
data/test/nevus/ISIC_0016029.jpg,0.259994,0.38869
data/test/nevus/ISIC_0016030.jpg,0.207534,0.606044
data/test/nevus/ISIC_0016031.jpg,0.241605,0.340111
data/test/nevus/ISIC_0016033.jpg,0.18689,0.696859
data/test/nevus/ISIC_0016034.jpg,0.195191,0.627148
data/test/nevus/ISIC_0016035.jpg,0.156377,0.471774
data/test/nevus/ISIC_0016036.jpg,0.413899,0.398535
data/test/nevus/ISIC_0016037.jpg,0.392553,0.424064
data/test/nevus/ISIC_0016038.jpg,0.158762,0.297798
data/test/nevus/ISIC_0016040.jpg,0.383468,0.123786
data/test/nevus/ISIC_0016041.jpg,0.100791,0.823258
data/test/nevus/ISIC_0016042.jpg,0.188226,0.560306
data/test/nevus/ISIC_0016043.jpg,0.303251,0.517958
data/test/nevus/ISIC_0016044.jpg,0.0758724,0.824597
data/test/nevus/ISIC_0016045.jpg,0.17334,0.450771
data/test/nevus/ISIC_0016046.jpg,0.14894,0.193156
data/test/nevus/ISIC_0016048.jpg,0.208932,0.215343
data/test/nevus/ISIC_0016049.jpg,0.253217,0.143528
data/test/nevus/ISIC_0016050.jpg,0.40389,0.176951
data/test/nevus/ISIC_0016051.jpg,0.224559,0.320505
data/test/nevus/ISIC_0016052.jpg,0.306389,0.284978
data/test/nevus/ISIC_0016053.jpg,0.155469,0.363452
data/test/nevus/ISIC_0016054.jpg,0.0500092,0.850765
data/test/nevus/ISIC_0016055.jpg,0.32436,0.141076
data/test/nevus/ISIC_0016056.jpg,0.301399,0.454424
data/test/nevus/ISIC_0016057.jpg,0.147576,0.532855
data/test/nevus/ISIC_0016058.jpg,0.0856634,0.52733
data/test/nevus/ISIC_0016059.jpg,0.112227,0.343927
data/test/nevus/ISIC_0016060.jpg,0.520491,0.215457
data/test/nevus/ISIC_0016061.jpg,0.319372,0.182408
data/test/nevus/ISIC_0016062.jpg,0.447082,0.221235
data/test/nevus/ISIC_0016063.jpg,0.340142,0.252609
data/test/nevus/ISIC_0016064.jpg,0.0633992,0.808132
data/test/nevus/ISIC_0016065.jpg,0.089062,0.528131
data/test/nevus/ISIC_0016066.jpg,0.436032,0.158841
data/test/nevus/ISIC_0016068.jpg,0.555492,0.0815545
data/test/nevus/ISIC_0016069.jpg,0.222012,0.13351
data/test/nevus/ISIC_0016070.jpg,0.286826,0.306463
data/test/nevus/ISIC_0016071.jpg,0.349786,0.214344
data/test/nevus/ISIC_0016072.jpg,0.562702,0.237077
data/test/seborrheic_keratosis/ISIC_0012086.jpg,0.0391507,0.872596
data/test/seborrheic_keratosis/ISIC_0012134.jpg,0.305484,0.512009
data/test/seborrheic_keratosis/ISIC_0012136.jpg,0.372362,0.436323
data/test/seborrheic_keratosis/ISIC_0012178.jpg,0.0692255,0.78785
data/test/seborrheic_keratosis/ISIC_0012199.jpg,0.4555,0.357892
data/test/seborrheic_keratosis/ISIC_0012207.jpg,0.16609,0.741916
data/test/seborrheic_keratosis/ISIC_0012215.jpg,0.123426,0.823962
data/test/seborrheic_keratosis/ISIC_0012223.jpg,0.177604,0.531687
data/test/seborrheic_keratosis/ISIC_0012240.jpg,0.138022,0.789678
data/test/seborrheic_keratosis/ISIC_0012248.jpg,0.12162,0.783586
data/test/seborrheic_keratosis/ISIC_0012265.jpg,0.382419,0.400677
data/test/seborrheic_keratosis/ISIC_0012266.jpg,0.123063,0.685862
data/test/seborrheic_keratosis/ISIC_0012272.jpg,0.0382402,0.65523
data/test/seborrheic_keratosis/ISIC_0012273.jpg,0.222904,0.702568
data/test/seborrheic_keratosis/ISIC_0012314.jpg,0.122723,0.522744
data/test/seborrheic_keratosis/ISIC_0012323.jpg,0.131446,0.799658
data/test/seborrheic_keratosis/ISIC_0012330.jpg,0.181874,0.490767
data/test/seborrheic_keratosis/ISIC_0012358.jpg,0.132077,0.78231
data/test/seborrheic_keratosis/ISIC_0012364.jpg,0.029252,0.782676
data/test/seborrheic_keratosis/ISIC_0012372.jpg,0.105398,0.512992
data/test/seborrheic_keratosis/ISIC_0012375.jpg,0.114712,0.812866
data/test/seborrheic_keratosis/ISIC_0012387.jpg,0.0403194,0.907659
data/test/seborrheic_keratosis/ISIC_0012388.jpg,0.146132,0.358767
data/test/seborrheic_keratosis/ISIC_0012414.jpg,0.133961,0.665504
data/test/seborrheic_keratosis/ISIC_0012428.jpg,0.245436,0.532021
data/test/seborrheic_keratosis/ISIC_0012432.jpg,0.13396,0.469129
data/test/seborrheic_keratosis/ISIC_0012447.jpg,0.199662,0.623887
data/test/seborrheic_keratosis/ISIC_0012448.jpg,0.173027,0.676412
data/test/seborrheic_keratosis/ISIC_0012510.jpg,0.423796,0.412936
data/test/seborrheic_keratosis/ISIC_0012522.jpg,0.118305,0.701519
data/test/seborrheic_keratosis/ISIC_0012537.jpg,0.542872,0.254764
data/test/seborrheic_keratosis/ISIC_0012548.jpg,0.107469,0.436658
data/test/seborrheic_keratosis/ISIC_0012705.jpg,0.482766,0.393854
data/test/seborrheic_keratosis/ISIC_0012757.jpg,0.0268966,0.805459
data/test/seborrheic_keratosis/ISIC_0012786.jpg,0.0570641,0.826867
data/test/seborrheic_keratosis/ISIC_0012848.jpg,0.244901,0.664453
data/test/seborrheic_keratosis/ISIC_0012852.jpg,0.0519002,0.628513
data/test/seborrheic_keratosis/ISIC_0012928.jpg,0.0264348,0.903981
data/test/seborrheic_keratosis/ISIC_0012955.jpg,0.0357796,0.838836
data/test/seborrheic_keratosis/ISIC_0012974.jpg,0.0260284,0.85449
data/test/seborrheic_keratosis/ISIC_0013030.jpg,0.0252955,0.826856
data/test/seborrheic_keratosis/ISIC_0013035.jpg,0.0478905,0.826765
data/test/seborrheic_keratosis/ISIC_0013085.jpg,0.0236441,0.915603
data/test/seborrheic_keratosis/ISIC_0013169.jpg,0.367263,0.543626
data/test/seborrheic_keratosis/ISIC_0013170.jpg,0.182829,0.663397
data/test/seborrheic_keratosis/ISIC_0013203.jpg,0.0301174,0.940188
data/test/seborrheic_keratosis/ISIC_0013270.jpg,0.379737,0.262421
data/test/seborrheic_keratosis/ISIC_0013271.jpg,0.459687,0.202813
data/test/seborrheic_keratosis/ISIC_0013281.jpg,0.0713238,0.835625
data/test/seborrheic_keratosis/ISIC_0013319.jpg,0.261462,0.517803
data/test/seborrheic_keratosis/ISIC_0013393.jpg,0.119772,0.841177
data/test/seborrheic_keratosis/ISIC_0013465.jpg,0.105576,0.6916
data/test/seborrheic_keratosis/ISIC_0013673.jpg,0.104352,0.823135
data/test/seborrheic_keratosis/ISIC_0013708.jpg,0.143018,0.748411
data/test/seborrheic_keratosis/ISIC_0013764.jpg,0.308015,0.551466
data/test/seborrheic_keratosis/ISIC_0013977.jpg,0.0315168,0.809108
data/test/seborrheic_keratosis/ISIC_0014006.jpg,0.129048,0.784133
data/test/seborrheic_keratosis/ISIC_0014177.jpg,0.161699,0.750834
data/test/seborrheic_keratosis/ISIC_0014251.jpg,0.157444,0.761221
data/test/seborrheic_keratosis/ISIC_0014278.jpg,0.0894014,0.455641
data/test/seborrheic_keratosis/ISIC_0014386.jpg,0.443373,0.348093
data/test/seborrheic_keratosis/ISIC_0014392.jpg,0.0658477,0.806869
data/test/seborrheic_keratosis/ISIC_0014409.jpg,0.0969166,0.376563
data/test/seborrheic_keratosis/ISIC_0014419.jpg,0.294959,0.562558
data/test/seborrheic_keratosis/ISIC_0014457.jpg,0.188224,0.424819
data/test/seborrheic_keratosis/ISIC_0014474.jpg,0.100123,0.787893
data/test/seborrheic_keratosis/ISIC_0014500.jpg,0.302905,0.525923
data/test/seborrheic_keratosis/ISIC_0014503.jpg,0.0475279,0.383142
data/test/seborrheic_keratosis/ISIC_0014567.jpg,0.046282,0.863381
data/test/seborrheic_keratosis/ISIC_0014574.jpg,0.145629,0.446033
data/test/seborrheic_keratosis/ISIC_0014575.jpg,0.174212,0.421271
data/test/seborrheic_keratosis/ISIC_0014586.jpg,0.513501,0.260157
data/test/seborrheic_keratosis/ISIC_0014587.jpg,0.0916308,0.835523
data/test/seborrheic_keratosis/ISIC_0014588.jpg,0.114597,0.740022
data/test/seborrheic_keratosis/ISIC_0014590.jpg,0.37401,0.248618
data/test/seborrheic_keratosis/ISIC_0014600.jpg,0.660084,0.210116
data/test/seborrheic_keratosis/ISIC_0014619.jpg,0.279887,0.499308
data/test/seborrheic_keratosis/ISIC_0014626.jpg,0.0417316,0.718493
data/test/seborrheic_keratosis/ISIC_0014627.jpg,0.0501363,0.749495
data/test/seborrheic_keratosis/ISIC_0014629.jpg,0.0134128,0.863833
data/test/seborrheic_keratosis/ISIC_0014631.jpg,0.0964549,0.316043
data/test/seborrheic_keratosis/ISIC_0014634.jpg,0.0374851,0.949818
data/test/seborrheic_keratosis/ISIC_0014643.jpg,0.0445369,0.842872
data/test/seborrheic_keratosis/ISIC_0014644.jpg,0.314495,0.205972
data/test/seborrheic_keratosis/ISIC_0014645.jpg,0.0642605,0.928139
data/test/seborrheic_keratosis/ISIC_0014647.jpg,0.216823,0.666218
data/test/seborrheic_keratosis/ISIC_0014648.jpg,0.00512716,0.943509
data/test/seborrheic_keratosis/ISIC_0014649.jpg,0.0250023,0.787608
data/test/seborrheic_keratosis/ISIC_0014652.jpg,0.0669774,0.8503
data/test/seborrheic_keratosis/ISIC_0014653.jpg,0.262316,0.358276